{
    "NUM_TightID_DEN_TrackerMuons": {
        "eta": {
            "binning": [
                {
                    "binning": [
                        -2.4,
                        -2.1,
                        -1.6,
                        -1.2,
                        -0.9,
                        -0.3,
                        -0.2,
                        0.2,
                        0.3,
                        0.9,
                        1.2,
                        1.6,
                        2.1,
                        2.4
                    ],
                    "variable": "eta"
                }
            ],
            "eta:[-0.2,0.2]": {
                "stat": 0.0002702440473865188,
                "syst": 0.0,
                "value": 0.9941670102914743
            },
            "eta:[-0.3,-0.2]": {
                "stat": 0.0014642164626549824,
                "syst": 0.0,
                "value": 0.9776299716549588
            },
            "eta:[-0.9,-0.3]": {
                "stat": 0.00027280414767170887,
                "syst": 0.0,
                "value": 0.9942799032216416
            },
            "eta:[-1.2,-0.9]": {
                "stat": 0.00043620181935042046,
                "syst": 0.0,
                "value": 0.9818359617766872
            },
            "eta:[-1.6,-1.2]": {
                "stat": 0.0002960202783840961,
                "syst": 0.0,
                "value": 0.9934567267258668
            },
            "eta:[-2.1,-1.6]": {
                "stat": 0.0003887446464002995,
                "syst": 0.0,
                "value": 0.9688914857603516
            },
            "eta:[-2.4,-2.1]": {
                "stat": 0.000700325091712358,
                "syst": 0.0,
                "value": 0.941352087471745
            },
            "eta:[0.2,0.3]": {
                "stat": 0.001508242732281468,
                "syst": 0.0,
                "value": 0.9752134535951933
            },
            "eta:[0.3,0.9]": {
                "stat": 0.0002967641853169827,
                "syst": 0.0,
                "value": 0.9921841133171021
            },
            "eta:[0.9,1.2]": {
                "stat": 0.00048596212251473734,
                "syst": 0.0,
                "value": 0.9799968067631808
            },
            "eta:[1.2,1.6]": {
                "stat": 0.0002630112044127216,
                "syst": 0.0,
                "value": 0.9917054172263777
            },
            "eta:[1.6,2.1]": {
                "stat": 0.00040023658018280495,
                "syst": 0.0,
                "value": 0.9812183572188855
            },
            "eta:[2.1,2.4]": {
                "stat": 0.0007472827677543712,
                "syst": 0.0,
                "value": 0.9719098966521722
            }
        }
    }
}