{
    "NUM_TightID_DEN_TrackerMuons": {
        "abseta_pt": {
            "abseta:[0.0,0.9]": {
                "pt:[15,20]": {
                    "stat": 0.001549850257435819,
                    "syst": 0.0,
                    "value": 0.990183998594031
                },
                "pt:[20,25]": {
                    "stat": 0.0009402516424567057,
                    "syst": 0.0,
                    "value": 0.9942115582657095
                },
                "pt:[25,30]": {
                    "stat": 0.0006289277408461664,
                    "syst": 0.0,
                    "value": 0.9911476172457494
                },
                "pt:[30,40]": {
                    "stat": 0.0002750135413070982,
                    "syst": 0.0,
                    "value": 0.992139957107348
                },
                "pt:[40,50]": {
                    "stat": 0.0002944386098685109,
                    "syst": 0.0,
                    "value": 0.9918336967191291
                },
                "pt:[50,60]": {
                    "stat": 0.0006022505461745733,
                    "syst": 0.0,
                    "value": 0.9909546034144884
                },
                "pt:[60,120]": {
                    "stat": 0.0008506928560733229,
                    "syst": 0.0,
                    "value": 0.9936151621333971
                }
            },
            "abseta:[0.9,1.2]": {
                "pt:[15,20]": {
                    "stat": 0.0024402780170369506,
                    "syst": 0.0,
                    "value": 0.9827795928101609
                },
                "pt:[20,25]": {
                    "stat": 0.0016401006019213537,
                    "syst": 0.0,
                    "value": 0.9815880488914522
                },
                "pt:[25,30]": {
                    "stat": 0.0010710928915275597,
                    "syst": 0.0,
                    "value": 0.9790180445099299
                },
                "pt:[30,40]": {
                    "stat": 0.0005227156615928317,
                    "syst": 0.0,
                    "value": 0.984575530719224
                },
                "pt:[40,50]": {
                    "stat": 0.00043873447723745195,
                    "syst": 0.0,
                    "value": 0.9833903454172843
                },
                "pt:[50,60]": {
                    "stat": 0.0009290780017973288,
                    "syst": 0.0,
                    "value": 0.9829632410404677
                },
                "pt:[60,120]": {
                    "stat": 0.0013827529462339984,
                    "syst": 0.0,
                    "value": 0.9833047422333746
                }
            },
            "abseta:[1.2,2.1]": {
                "pt:[15,20]": {
                    "stat": 0.001314759148975168,
                    "syst": 0.0,
                    "value": 0.9814095528890279
                },
                "pt:[20,25]": {
                    "stat": 0.000749832144300495,
                    "syst": 0.0,
                    "value": 0.9854759476136795
                },
                "pt:[25,30]": {
                    "stat": 0.0005403723525961026,
                    "syst": 0.0,
                    "value": 0.9866449719644533
                },
                "pt:[30,40]": {
                    "stat": 0.0002193700137549618,
                    "syst": 0.0,
                    "value": 0.9879153426940207
                },
                "pt:[40,50]": {
                    "stat": 0.0002441877099419292,
                    "syst": 0.0,
                    "value": 0.9887318694942968
                },
                "pt:[50,60]": {
                    "stat": 0.0004442097630889655,
                    "syst": 0.0,
                    "value": 0.9882725534068533
                },
                "pt:[60,120]": {
                    "stat": 0.0006609106285819637,
                    "syst": 0.0,
                    "value": 0.9871236139340736
                }
            },
            "abseta:[2.1,2.4]": {
                "pt:[15,20]": {
                    "stat": 0.002912344209472013,
                    "syst": 0.0,
                    "value": 0.9440529253095863
                },
                "pt:[20,25]": {
                    "stat": 0.0018156514730101672,
                    "syst": 0.0,
                    "value": 0.9631503661637244
                },
                "pt:[25,30]": {
                    "stat": 0.0013798183172526732,
                    "syst": 0.0,
                    "value": 0.9588657086437169
                },
                "pt:[30,40]": {
                    "stat": 0.0007798578392609793,
                    "syst": 0.0,
                    "value": 0.9656540288509947
                },
                "pt:[40,50]": {
                    "stat": 0.0007407677356898428,
                    "syst": 0.0,
                    "value": 0.965206409436176
                },
                "pt:[50,60]": {
                    "stat": 0.0015077908182211852,
                    "syst": 0.0,
                    "value": 0.9567857405188704
                },
                "pt:[60,120]": {
                    "stat": 0.0026443375915523137,
                    "syst": 0.0,
                    "value": 0.9601415404387377
                }
            },
            "binning": [
                {
                    "binning": [
                        0.0,
                        0.9,
                        1.2,
                        2.1,
                        2.4
                    ],
                    "variable": "abseta"
                },
                {
                    "binning": [
                        15,
                        20,
                        25,
                        30,
                        40,
                        50,
                        60,
                        120
                    ],
                    "variable": "pt"
                }
            ]
        }
    }
}