{
    "NUM_TightRelIso_DEN_TightID": {
        "eta": {
            "binning": [
                {
                    "binning": [
                        -2.4,
                        -2.1,
                        -1.6,
                        -1.2,
                        -0.9,
                        -0.3,
                        -0.2,
                        0.2,
                        0.3,
                        0.9,
                        1.2,
                        1.6,
                        2.1,
                        2.4
                    ],
                    "variable": "eta"
                }
            ],
            "eta:[-0.2,0.2]": {
                "stat": 0.0006601415634330545,
                "syst": 0.0,
                "value": 0.9945009270552004
            },
            "eta:[-0.3,-0.2]": {
                "stat": 0.0012664736723911236,
                "syst": 0.0,
                "value": 0.9910065568117917
            },
            "eta:[-0.9,-0.3]": {
                "stat": 0.0005390426842264109,
                "syst": 0.0,
                "value": 0.9932115852887159
            },
            "eta:[-1.2,-0.9]": {
                "stat": 0.0007887228250223731,
                "syst": 0.0,
                "value": 0.9883543408223586
            },
            "eta:[-1.6,-1.2]": {
                "stat": 0.0006690209845784874,
                "syst": 0.0,
                "value": 0.9959563718970729
            },
            "eta:[-2.1,-1.6]": {
                "stat": 0.0006273043520641209,
                "syst": 0.0,
                "value": 1.0031002441013386
            },
            "eta:[-2.4,-2.1]": {
                "stat": 0.000959639874250384,
                "syst": 0.0,
                "value": 1.010590286013012
            },
            "eta:[0.2,0.3]": {
                "stat": 0.0013713443209191164,
                "syst": 0.0,
                "value": 0.9935522237138531
            },
            "eta:[0.3,0.9]": {
                "stat": 0.0005098958018873037,
                "syst": 0.0,
                "value": 0.9948766057633885
            },
            "eta:[0.9,1.2]": {
                "stat": 0.0008312777476563981,
                "syst": 0.0,
                "value": 0.9889200280507932
            },
            "eta:[1.2,1.6]": {
                "stat": 0.0006648246687317592,
                "syst": 0.0,
                "value": 0.9946138551485096
            },
            "eta:[1.6,2.1]": {
                "stat": 0.0006202965181371953,
                "syst": 0.0,
                "value": 1.0020847665934265
            },
            "eta:[2.1,2.4]": {
                "stat": 0.0009502448139057681,
                "syst": 0.0,
                "value": 1.0078221815793291
            }
        }
    }
}