{
    "NUM_TightRelIso_DEN_TightID": {
        "abseta_pt": {
            "abseta:[0.0,0.9]": {
                "pt:[15,20]": {
                    "stat": 0.004663417159876168,
                    "syst": 0.0,
                    "value": 0.9795707451021765
                },
                "pt:[20,25]": {
                    "stat": 0.002606138953947809,
                    "syst": 0.0,
                    "value": 0.995037373013186
                },
                "pt:[25,30]": {
                    "stat": 0.001484362770678772,
                    "syst": 0.0,
                    "value": 0.9961126104139443
                },
                "pt:[30,40]": {
                    "stat": 0.0005560571046112645,
                    "syst": 0.0,
                    "value": 0.9949490068168272
                },
                "pt:[40,50]": {
                    "stat": 0.0003420684904917012,
                    "syst": 0.0,
                    "value": 0.9958926502715633
                },
                "pt:[50,60]": {
                    "stat": 0.000539961092276886,
                    "syst": 0.0,
                    "value": 0.9951245284712849
                },
                "pt:[60,120]": {
                    "stat": 0.0005862024851217396,
                    "syst": 0.0,
                    "value": 0.9921205772882388
                }
            },
            "abseta:[0.9,1.2]": {
                "pt:[15,20]": {
                    "stat": 0.008258762081560659,
                    "syst": 0.0,
                    "value": 0.9889698226419052
                },
                "pt:[20,25]": {
                    "stat": 0.005010250393103621,
                    "syst": 0.0,
                    "value": 0.9785992837706672
                },
                "pt:[25,30]": {
                    "stat": 0.0029825227124146733,
                    "syst": 0.0,
                    "value": 0.9786437502004925
                },
                "pt:[30,40]": {
                    "stat": 0.0010509612979483565,
                    "syst": 0.0,
                    "value": 0.9881190919590149
                },
                "pt:[40,50]": {
                    "stat": 0.0006372979530128828,
                    "syst": 0.0,
                    "value": 0.9928267282410462
                },
                "pt:[50,60]": {
                    "stat": 0.0009605656301539871,
                    "syst": 0.0,
                    "value": 0.9941064908021386
                },
                "pt:[60,120]": {
                    "stat": 0.0011217422113651487,
                    "syst": 0.0,
                    "value": 0.9946544440280713
                }
            },
            "abseta:[1.2,2.1]": {
                "pt:[15,20]": {
                    "stat": 0.00441466092693405,
                    "syst": 0.0,
                    "value": 1.0110547816818392
                },
                "pt:[20,25]": {
                    "stat": 0.002555478352722998,
                    "syst": 0.0,
                    "value": 0.9989360626655576
                },
                "pt:[25,30]": {
                    "stat": 0.0016493556157980015,
                    "syst": 0.0,
                    "value": 1.0016362965615735
                },
                "pt:[30,40]": {
                    "stat": 0.0006000014099754299,
                    "syst": 0.0,
                    "value": 1.0006717119173032
                },
                "pt:[40,50]": {
                    "stat": 0.0003674324331221021,
                    "syst": 0.0,
                    "value": 0.9990334954271505
                },
                "pt:[50,60]": {
                    "stat": 0.0004800372656502177,
                    "syst": 0.0,
                    "value": 0.9978120018339963
                },
                "pt:[60,120]": {
                    "stat": 0.0006124950193469823,
                    "syst": 0.0,
                    "value": 0.9954041267411823
                }
            },
            "abseta:[2.1,2.4]": {
                "pt:[15,20]": {
                    "stat": 0.007809969477302664,
                    "syst": 0.0,
                    "value": 1.034392932801819
                },
                "pt:[20,25]": {
                    "stat": 0.00462249796845264,
                    "syst": 0.0,
                    "value": 1.0232015666688894
                },
                "pt:[25,30]": {
                    "stat": 0.002900635469136832,
                    "syst": 0.0,
                    "value": 1.0167114323544195
                },
                "pt:[30,40]": {
                    "stat": 0.0010836631852821407,
                    "syst": 0.0,
                    "value": 1.0105024054997906
                },
                "pt:[40,50]": {
                    "stat": 0.0007458361297471584,
                    "syst": 0.0,
                    "value": 1.0048251639653696
                },
                "pt:[50,60]": {
                    "stat": 0.001200927539131006,
                    "syst": 0.0,
                    "value": 1.0045443699363117
                },
                "pt:[60,120]": {
                    "stat": 0.00156330742383206,
                    "syst": 0.0,
                    "value": 1.0017421293450828
                }
            },
            "binning": [
                {
                    "binning": [
                        0.0,
                        0.9,
                        1.2,
                        2.1,
                        2.4
                    ],
                    "variable": "abseta"
                },
                {
                    "binning": [
                        15,
                        20,
                        25,
                        30,
                        40,
                        50,
                        60,
                        120
                    ],
                    "variable": "pt"
                }
            ]
        }
    }
}